label,prediction,probability
1,1,1.0
1,1,1.0
1,1,1.0
1,1,1.0
1,1,1.0
1,1,1.0
1,1,1.0
1,1,1.0
1,1,1.0
1,1,1.0
1,1,1.0
1,1,1.0
1,0,0.9999968
1,1,1.0
1,1,1.0
1,1,1.0
1,1,1.0
1,1,1.0
1,1,1.0
1,1,1.0
1,1,1.0
1,1,1.0
1,1,1.0
1,1,1.0
1,1,1.0
1,1,1.0
1,1,1.0
1,1,1.0
1,1,1.0
1,1,1.0
1,1,1.0
1,1,1.0
1,1,1.0
1,1,1.0
1,1,1.0
1,1,1.0
1,1,1.0
1,1,1.0
1,1,1.0
1,1,1.0
1,1,1.0
1,1,1.0
1,1,1.0
1,1,1.0
1,1,1.0
1,1,1.0
1,1,1.0
1,1,1.0
1,1,1.0
1,1,1.0
1,1,1.0
1,1,1.0
1,1,1.0
1,1,1.0
1,1,1.0
1,1,1.0
1,1,1.0
1,1,1.0
1,1,1.0
1,1,1.0
1,1,1.0
1,1,1.0
1,1,1.0
1,1,1.0
1,1,1.0
1,1,1.0
1,1,1.0
1,1,1.0
1,1,1.0
1,1,1.0
1,1,1.0
1,1,1.0
1,1,1.0
1,1,1.0
1,1,1.0
1,1,1.0
1,1,1.0
1,1,1.0
1,1,1.0
1,1,1.0
1,1,1.0
1,1,1.0
1,1,1.0
1,1,1.0
1,1,1.0
1,1,1.0
1,1,1.0
1,1,1.0
1,1,1.0
1,1,1.0
1,1,1.0
1,1,1.0
1,1,1.0
1,1,1.0
1,1,1.0
1,1,1.0
1,1,1.0
1,1,1.0
1,1,1.0
1,1,1.0
1,1,1.0
1,1,1.0
1,1,1.0
1,1,1.0
1,1,1.0
1,1,1.0
1,1,1.0
1,1,1.0
1,1,1.0
1,1,1.0
1,1,1.0
1,1,1.0
1,1,1.0
1,1,1.0
1,1,1.0
1,1,1.0
1,1,1.0
1,1,1.0
1,1,1.0
1,1,1.0
1,1,1.0
1,1,1.0
1,1,1.0
1,1,1.0
1,1,1.0
1,1,1.0
1,1,1.0
1,1,1.0
1,1,1.0
1,1,1.0
1,1,1.0
1,1,1.0
1,1,1.0
1,1,1.0
1,1,1.0
1,1,1.0
1,1,1.0
1,1,1.0
1,1,1.0
1,1,1.0
1,1,1.0
1,1,1.0
1,1,1.0
1,1,1.0
1,1,1.0
1,1,1.0
1,1,1.0
1,1,1.0
1,1,1.0
1,1,1.0
1,1,1.0
1,1,1.0
1,1,1.0
1,1,1.0
1,1,1.0
1,1,1.0
1,1,1.0
1,1,1.0
1,1,1.0
1,1,1.0
1,1,1.0
1,1,1.0
1,1,1.0
1,1,1.0
1,1,1.0
1,1,1.0
1,1,1.0
1,1,1.0
1,1,1.0
1,1,1.0
1,1,1.0
1,1,1.0
1,1,1.0
1,1,1.0
1,1,1.0
1,1,1.0
1,1,1.0
1,1,1.0
1,1,1.0
1,1,1.0
1,1,1.0
1,1,1.0
1,1,1.0
1,1,1.0
1,1,1.0
1,1,1.0
1,1,1.0
1,1,1.0
1,1,1.0
1,1,1.0
1,1,1.0
1,1,1.0
1,1,1.0
1,1,1.0
1,1,1.0
1,1,1.0
1,1,1.0
1,1,1.0
1,1,1.0
1,1,1.0
1,1,1.0
1,1,1.0
1,1,1.0
1,1,1.0
1,1,1.0
1,1,1.0
1,1,1.0
1,1,1.0
1,1,1.0
1,1,1.0
1,1,1.0
1,1,1.0
1,1,1.0
1,1,1.0
1,1,1.0
1,1,1.0
1,1,1.0
1,1,1.0
1,1,1.0
1,1,1.0
1,1,1.0
1,1,1.0
1,1,1.0
1,1,1.0
1,1,1.0
1,1,1.0
1,1,1.0
1,1,1.0
1,1,1.0
1,1,1.0
1,1,1.0
1,1,1.0
1,1,1.0
1,1,1.0
1,1,1.0
1,1,1.0
1,1,1.0
1,1,1.0
1,1,1.0
1,1,1.0
1,1,1.0
1,1,1.0
1,1,1.0
1,1,1.0
1,1,1.0
1,1,1.0
1,1,1.0
1,1,1.0
1,1,1.0
1,1,1.0
1,1,1.0
1,1,1.0
1,1,1.0
1,1,1.0
1,1,1.0
1,1,1.0
1,1,1.0
1,1,1.0
1,1,1.0
1,1,1.0
1,1,1.0
1,1,1.0
1,1,1.0
1,1,1.0
1,1,1.0
1,1,1.0
1,1,1.0
1,1,1.0
1,1,1.0
1,1,1.0
1,1,1.0
1,1,1.0
1,1,1.0
1,1,1.0
1,1,1.0
1,1,1.0
1,1,1.0
1,1,1.0
1,1,1.0
1,1,1.0
1,1,1.0
1,1,1.0
1,1,1.0
1,1,1.0
1,1,1.0
1,1,1.0
1,1,1.0
1,1,1.0
1,1,1.0
1,1,1.0
1,1,1.0
1,1,1.0
1,1,1.0
1,1,1.0
1,1,1.0
1,1,1.0
1,1,1.0
1,1,1.0
1,1,1.0
1,1,1.0
1,1,1.0
1,1,1.0
1,1,1.0
1,1,1.0
1,1,1.0
1,1,1.0
1,1,1.0
1,1,1.0
1,1,1.0
1,1,1.0
1,1,1.0
1,1,1.0
1,1,1.0
1,1,1.0
1,1,1.0
1,1,1.0
1,1,1.0
1,1,1.0
1,1,1.0
1,1,1.0
1,1,1.0
1,1,1.0
1,1,1.0
1,1,1.0
1,1,1.0
1,1,1.0
1,1,1.0
1,1,1.0
1,1,1.0
1,1,1.0
1,1,1.0
1,1,1.0
1,1,1.0
1,1,1.0
1,1,1.0
1,1,1.0
1,1,1.0
1,1,1.0
1,1,1.0
1,1,1.0
1,1,1.0
1,1,1.0
1,1,1.0
1,1,1.0
1,1,1.0
1,1,1.0
1,1,1.0
1,1,1.0
1,1,1.0
1,1,1.0
1,1,1.0
1,1,1.0
1,1,1.0
1,1,1.0
1,1,1.0
1,1,1.0
1,1,0.97920036
1,1,1.0
1,1,1.0
1,1,1.0
1,1,1.0
1,1,1.0
1,1,1.0
1,1,1.0
1,1,1.0
1,1,1.0
1,1,1.0
1,1,1.0
1,1,1.0
1,1,1.0
1,1,1.0
1,1,1.0
1,1,1.0
1,1,1.0
1,1,1.0
1,1,1.0
1,1,1.0
1,1,1.0
1,1,1.0
1,1,1.0
1,1,1.0
1,1,1.0
1,1,1.0
1,1,1.0
1,1,1.0
1,1,1.0
1,1,1.0
1,1,1.0
1,1,1.0
1,1,1.0
1,1,1.0
1,1,1.0
1,1,1.0
1,1,1.0
1,1,1.0
1,1,1.0
1,1,1.0
1,1,1.0
1,1,1.0
1,1,1.0
1,1,1.0
1,1,1.0
1,1,1.0
1,1,1.0
1,1,1.0
1,1,1.0
1,1,1.0
1,1,1.0
1,1,1.0
1,1,1.0
1,1,1.0
1,1,1.0
1,1,1.0
1,1,1.0
1,1,1.0
1,1,1.0
1,1,1.0
1,1,1.0
1,1,1.0
1,1,1.0
1,1,1.0
1,1,1.0
1,1,1.0
1,1,1.0
1,1,1.0
1,1,1.0
1,1,1.0
1,1,1.0
1,1,1.0
1,1,1.0
1,1,1.0
1,1,1.0
1,1,1.0
1,1,1.0
1,1,1.0
1,1,1.0
1,1,1.0
1,1,1.0
1,1,1.0
1,1,1.0
1,1,1.0
1,1,1.0
1,1,1.0
1,1,1.0
1,1,1.0
1,1,1.0
1,1,1.0
1,1,1.0
1,1,1.0
1,1,1.0
1,1,1.0
1,1,1.0
1,1,1.0
1,1,1.0
1,1,1.0
1,1,1.0
1,1,1.0
1,1,1.0
1,1,1.0
1,1,1.0
1,1,1.0
1,1,1.0
1,1,1.0
1,1,1.0
1,1,1.0
1,1,1.0
1,1,1.0
1,1,1.0
1,1,1.0
1,1,1.0
1,1,1.0
1,1,1.0
1,1,1.0
1,1,1.0
1,1,1.0
1,1,1.0
1,1,1.0
1,1,1.0
1,1,1.0
1,1,1.0
1,1,1.0
1,1,1.0
1,1,1.0
1,1,1.0
1,1,1.0
1,1,1.0
1,1,1.0
1,1,1.0
1,1,1.0
1,1,1.0
1,1,1.0
1,1,1.0
1,1,1.0
1,1,1.0
1,1,1.0
1,1,1.0
1,1,1.0
1,1,1.0
1,1,1.0
1,1,1.0
1,1,1.0
1,1,1.0
1,1,1.0
1,1,1.0
1,1,1.0
1,1,1.0
1,1,1.0
1,1,1.0
1,1,1.0
1,1,1.0
1,1,1.0
1,1,1.0
1,1,1.0
1,1,1.0
1,1,1.0
1,1,1.0
1,1,1.0
1,1,1.0
1,1,1.0
1,1,1.0
1,1,1.0
1,1,1.0
1,1,1.0
1,1,1.0
1,1,1.0
1,1,1.0
1,1,1.0
1,1,1.0
1,1,1.0
1,1,1.0
1,1,1.0
1,1,1.0
1,1,1.0
1,1,1.0
1,1,1.0
1,1,1.0
1,1,1.0
1,1,1.0
1,1,1.0
1,1,1.0
1,1,1.0
1,1,1.0
1,1,1.0
1,1,1.0
1,1,1.0
1,1,1.0
1,1,1.0
1,1,1.0
1,1,1.0
1,1,1.0
1,1,1.0
1,1,1.0
1,1,1.0
1,1,1.0
1,1,1.0
1,1,1.0
1,1,1.0
1,1,1.0
1,1,1.0
1,1,1.0
1,1,1.0
1,1,1.0
1,1,1.0
1,1,1.0
1,1,1.0
1,1,1.0
1,1,1.0
1,1,1.0
1,1,1.0
1,1,1.0
1,1,1.0
1,1,1.0
1,1,1.0
1,1,1.0
1,1,1.0
1,1,1.0
1,1,1.0
1,1,1.0
1,1,1.0
1,1,1.0
1,1,1.0
1,1,1.0
1,1,1.0
1,1,1.0
1,1,1.0
1,1,1.0
1,1,1.0
1,1,1.0
1,1,1.0
1,1,1.0
1,1,1.0
1,1,1.0
1,1,1.0
1,1,1.0
1,1,1.0
1,1,1.0
1,1,1.0
1,1,1.0
1,1,1.0
1,1,1.0
1,1,1.0
1,1,1.0
1,1,1.0
1,1,1.0
1,1,1.0
1,1,1.0
1,1,1.0
1,1,1.0
1,1,1.0
1,1,1.0
1,1,1.0
1,1,1.0
1,1,1.0
1,1,1.0
1,1,1.0
1,1,1.0
1,1,1.0
1,1,1.0
1,1,1.0
1,1,1.0
1,1,1.0
1,1,1.0
1,1,1.0
1,1,1.0
1,1,1.0
1,1,1.0
1,1,1.0
1,1,1.0
1,1,1.0
1,1,1.0
1,1,1.0
1,1,1.0
1,1,1.0
1,1,1.0
1,1,1.0
1,1,1.0
1,1,1.0
1,1,1.0
1,1,1.0
1,1,1.0
1,1,1.0
1,1,1.0
1,1,1.0
1,1,1.0
1,1,1.0
1,1,1.0
1,1,1.0
1,1,1.0
1,1,1.0
1,1,1.0
1,1,1.0
1,1,1.0
1,1,1.0
1,1,1.0
1,1,1.0
1,1,1.0
1,1,1.0
1,1,1.0
1,1,1.0
1,1,1.0
1,1,1.0
1,1,1.0
1,1,1.0
1,1,1.0
1,1,1.0
1,1,1.0
1,1,1.0
1,1,1.0
1,1,1.0
1,1,1.0
1,1,1.0
1,1,1.0
1,1,1.0
1,1,1.0
1,1,1.0
1,1,1.0
1,1,1.0
1,1,1.0
1,1,1.0
1,1,1.0
1,1,1.0
1,1,1.0
1,1,1.0
1,1,1.0
1,1,1.0
1,1,1.0
1,1,1.0
1,1,1.0
1,1,1.0
1,1,1.0
1,1,1.0
1,1,1.0
1,1,1.0
1,1,1.0
1,1,1.0
1,1,1.0
1,1,1.0
1,1,1.0
1,1,1.0
1,1,1.0
1,1,1.0
1,1,1.0
1,1,1.0
1,1,1.0
1,1,1.0
1,1,1.0
1,1,1.0
1,1,1.0
1,1,1.0
1,1,1.0
1,1,1.0
1,1,1.0
1,1,1.0
1,1,1.0
1,1,1.0
1,1,1.0
1,1,1.0
1,1,1.0
1,1,1.0
1,1,1.0
1,1,1.0
1,1,1.0
1,1,1.0
1,1,1.0
1,1,1.0
1,1,1.0
1,1,1.0
1,1,1.0
1,1,1.0
1,1,1.0
1,1,1.0
1,1,1.0
1,1,1.0
1,1,1.0
1,1,1.0
1,1,1.0
1,1,1.0
1,1,1.0
1,1,1.0
1,1,1.0
1,1,1.0
1,1,1.0
1,1,1.0
1,1,1.0
1,1,1.0
1,1,1.0
1,1,1.0
1,1,1.0
1,1,1.0
1,1,1.0
1,1,1.0
1,1,1.0
1,1,1.0
1,1,1.0
1,1,1.0
1,1,1.0
1,1,1.0
1,1,1.0
1,1,1.0
1,1,1.0
1,1,1.0
1,1,1.0
1,1,1.0
1,1,1.0
1,1,1.0
1,1,1.0
1,1,1.0
1,1,1.0
1,1,1.0
1,1,1.0
1,1,1.0
1,1,1.0
1,1,1.0
1,1,1.0
1,1,1.0
1,1,1.0
1,1,1.0
1,1,1.0
1,1,1.0
1,1,1.0
1,1,1.0
1,1,1.0
1,1,1.0
1,1,1.0
1,1,1.0
1,1,1.0
1,1,1.0
1,1,1.0
1,1,1.0
1,1,1.0
1,1,1.0
1,1,1.0
1,1,1.0
1,1,1.0
1,1,1.0
1,1,1.0
1,1,1.0
1,1,1.0
1,1,1.0
1,1,1.0
1,1,1.0
1,1,1.0
1,1,1.0
1,1,1.0
1,1,1.0
1,1,1.0
1,1,1.0
1,1,1.0
1,1,1.0
1,1,1.0
1,1,1.0
1,1,1.0
1,1,1.0
1,1,1.0
1,1,1.0
1,1,1.0
1,1,1.0
1,1,1.0
1,1,1.0
1,1,1.0
1,1,1.0
1,1,1.0
1,1,1.0
1,1,1.0
1,1,1.0
1,1,1.0
1,1,1.0
1,1,1.0
1,1,1.0
1,1,1.0
1,1,1.0
1,1,1.0
1,1,1.0
1,1,1.0
1,1,1.0
1,1,1.0
1,1,1.0
1,1,1.0
1,1,1.0
1,1,1.0
1,1,1.0
1,1,1.0
1,1,1.0
1,1,1.0
1,1,1.0
1,1,1.0
1,1,1.0
1,1,1.0
1,1,1.0
1,1,1.0
1,1,1.0
1,1,1.0
1,1,1.0
1,1,1.0
1,1,1.0
1,1,1.0
1,1,1.0
1,1,1.0
1,1,1.0
1,1,1.0
1,1,1.0
1,1,1.0
1,1,1.0
1,1,1.0
1,1,0.9842332
1,1,1.0
1,1,1.0
1,1,1.0
1,1,1.0
1,1,1.0
1,1,1.0
1,1,1.0
1,1,1.0
1,1,1.0
1,1,1.0
1,1,1.0
1,1,1.0
1,1,1.0
1,1,1.0
1,1,1.0
1,1,1.0
1,1,1.0
1,1,1.0
1,1,1.0
1,1,1.0
1,1,1.0
1,1,1.0
1,1,1.0
1,1,1.0
1,1,1.0
1,1,1.0
1,1,1.0
1,1,1.0
1,1,1.0
1,1,1.0
1,1,1.0
1,1,1.0
1,1,1.0
1,1,1.0
1,1,1.0
1,1,1.0
1,1,1.0
1,1,1.0
1,1,1.0
1,1,1.0
1,1,1.0
1,1,1.0
1,1,1.0
1,1,1.0
1,1,1.0
1,1,1.0
1,1,1.0
1,1,1.0
1,1,1.0
1,1,1.0
1,1,1.0
1,1,1.0
1,1,1.0
1,1,1.0
1,1,1.0
1,1,1.0
1,1,1.0
1,1,1.0
1,1,1.0
1,1,1.0
1,1,1.0
1,1,1.0
1,1,1.0
1,1,1.0
1,1,1.0
1,1,1.0
1,1,1.0
1,1,1.0
1,1,0.99987936
1,1,1.0
1,1,1.0
1,1,1.0
1,1,1.0
1,1,1.0
1,1,1.0
1,1,1.0
1,1,1.0
1,1,1.0
1,1,1.0
1,1,1.0
1,1,1.0
1,1,1.0
1,1,1.0
1,1,1.0
1,1,1.0
1,1,1.0
1,1,1.0
1,1,1.0
1,1,1.0
1,1,1.0
1,1,1.0
1,1,1.0
1,1,1.0
1,1,0.9999845
1,1,0.99998415
1,1,1.0
1,1,0.9980896
1,0,1.0
1,1,1.0
1,1,1.0
1,1,1.0
1,0,0.9999821
1,1,1.0
1,1,1.0
1,0,0.999468
1,1,1.0
1,1,1.0
1,1,1.0
1,1,1.0
1,1,1.0
1,1,1.0
1,1,1.0
1,1,1.0
1,1,1.0
1,1,1.0
1,1,1.0
1,1,1.0
1,1,1.0
1,1,1.0
1,1,1.0
1,1,1.0
1,1,1.0
1,1,1.0
1,1,1.0
1,1,1.0
1,1,1.0
1,1,1.0
1,1,1.0
1,1,1.0
1,1,1.0
1,1,1.0
1,1,1.0
1,1,1.0
1,1,1.0
1,1,1.0
1,1,1.0
1,1,1.0
1,1,1.0
1,1,1.0
1,1,1.0
1,1,1.0
1,1,1.0
1,1,1.0
1,1,1.0
1,1,1.0
1,1,1.0
1,1,1.0
1,1,1.0
1,1,1.0
1,1,1.0
1,1,1.0
0,0,1.0
0,0,1.0
0,0,1.0
0,0,1.0
0,0,1.0
0,0,0.9999999
0,0,0.9999999
0,0,1.0
0,0,1.0
0,0,1.0
0,0,1.0
0,0,1.0
0,0,1.0
0,0,1.0
0,0,1.0
0,0,1.0
0,0,1.0
0,0,1.0
0,0,1.0
0,0,1.0
0,0,0.9999993
0,0,1.0
0,0,1.0
0,0,1.0
0,0,0.9999999
0,0,1.0
0,0,1.0
0,0,1.0
0,0,1.0
0,0,1.0
0,0,1.0
0,0,1.0
0,0,1.0
0,0,1.0
0,0,1.0
0,0,1.0
0,0,1.0
0,0,0.9999993
0,0,1.0
0,0,1.0
0,0,1.0
0,0,1.0
0,0,1.0
0,0,1.0
0,0,1.0
0,0,1.0
0,0,0.9999999
0,0,1.0
0,0,1.0
0,0,1.0
0,0,1.0
0,0,1.0
0,0,1.0
0,0,1.0
0,0,1.0
0,0,1.0
0,0,1.0
0,0,1.0
0,0,1.0
0,0,1.0
0,0,1.0
0,0,1.0
0,0,1.0
0,0,1.0
0,0,1.0
0,0,1.0
0,0,1.0
0,0,1.0
0,0,1.0
0,0,1.0
0,0,1.0
0,0,1.0
0,0,1.0
0,0,1.0
0,0,1.0
0,0,0.9999999
0,0,1.0
0,0,1.0
0,0,1.0
0,0,1.0
0,0,1.0
0,0,1.0
0,0,1.0
0,0,1.0
0,0,1.0
0,0,1.0
0,0,1.0
0,0,1.0
0,0,1.0
0,0,1.0
0,0,1.0
0,0,1.0
0,0,1.0
0,0,0.999998
0,0,1.0
0,0,1.0
0,0,1.0
0,0,1.0
0,0,1.0
0,0,1.0
0,0,1.0
0,0,1.0
0,0,1.0
0,0,1.0
0,0,1.0
0,0,0.99999976
0,0,1.0
0,0,1.0
0,0,1.0
0,0,0.99999964
0,0,0.9996877
0,0,1.0
0,0,1.0
0,0,1.0
0,0,0.99999976
0,0,1.0
0,0,1.0
0,0,1.0
0,0,1.0
0,0,1.0
0,0,1.0
0,0,1.0
0,0,0.9999999
0,0,1.0
0,0,1.0
0,0,1.0
0,0,1.0
0,0,1.0
0,0,1.0
0,0,1.0
0,0,1.0
0,0,1.0
0,0,1.0
0,0,1.0
0,0,1.0
0,0,1.0
0,0,1.0
0,0,1.0
0,0,1.0
0,0,1.0
0,0,1.0
0,0,1.0
0,0,1.0
0,0,1.0
0,0,1.0
0,0,1.0
0,0,1.0
0,0,1.0
0,0,1.0
0,0,1.0
0,0,0.99998903
0,0,1.0
0,0,1.0
0,0,1.0
0,0,1.0
0,0,1.0
0,0,1.0
0,0,1.0
0,0,1.0
0,0,1.0
0,0,1.0
0,0,1.0
0,0,1.0
0,0,1.0
0,0,1.0
0,0,1.0
0,0,1.0
0,0,1.0
0,0,1.0
0,0,1.0
0,0,1.0
0,0,1.0
0,0,1.0
0,0,1.0
0,0,1.0
0,0,1.0
0,0,1.0
0,0,1.0
0,0,1.0
0,0,1.0
0,0,1.0
0,0,1.0
0,0,1.0
0,0,1.0
0,0,1.0
0,0,1.0
0,0,1.0
0,0,0.9999994
0,0,1.0
0,0,1.0
0,0,1.0
0,0,1.0
0,0,1.0
0,0,1.0
0,0,1.0
0,0,1.0
0,0,1.0
0,0,1.0
0,0,1.0
0,0,1.0
0,0,1.0
0,0,1.0
0,0,1.0
0,0,1.0
0,0,1.0
0,0,1.0
0,0,1.0
0,0,1.0
0,0,1.0
0,0,1.0
0,0,1.0
0,0,1.0
0,0,1.0
0,0,0.9999871
0,0,1.0
0,0,1.0
0,0,1.0
0,0,1.0
0,0,1.0
0,0,1.0
0,0,1.0
0,0,1.0
0,0,1.0
0,0,1.0
0,0,1.0
0,0,1.0
0,0,1.0
0,0,1.0
0,0,1.0
0,0,1.0
0,0,1.0
0,0,1.0
0,0,0.9999995
0,0,1.0
0,0,1.0
0,0,1.0
0,0,1.0
0,0,1.0
0,0,1.0
0,0,1.0
0,0,1.0
0,0,1.0
0,0,1.0
0,0,1.0
0,0,1.0
0,0,1.0
0,0,1.0
0,0,1.0
0,0,1.0
0,0,1.0
0,0,1.0
0,0,1.0
0,0,1.0
0,0,1.0
0,0,1.0
0,0,1.0
0,0,1.0
0,0,1.0
0,0,1.0
0,0,1.0
0,0,1.0
0,0,1.0
0,0,1.0
0,0,1.0
0,0,1.0
0,0,1.0
0,0,1.0
0,0,1.0
0,0,1.0
0,0,1.0
0,0,1.0
0,0,1.0
0,0,1.0
0,0,0.9999982
0,0,1.0
0,0,1.0
0,0,1.0
0,0,1.0
0,0,1.0
0,0,0.99999774
0,0,1.0
0,0,1.0
0,0,1.0
0,0,1.0
0,0,1.0
0,0,1.0
0,0,1.0
0,0,1.0
0,0,1.0
0,0,1.0
0,0,1.0
0,0,1.0
0,0,1.0
0,0,1.0
0,0,1.0
0,0,1.0
0,0,1.0
0,0,1.0
0,0,1.0
0,0,1.0
0,0,1.0
0,0,1.0
0,0,1.0
0,0,1.0
0,0,1.0
0,0,1.0
0,0,1.0
0,0,1.0
0,0,1.0
0,0,1.0
0,0,1.0
0,0,1.0
0,0,1.0
0,0,1.0
0,0,1.0
0,0,1.0
0,0,1.0
0,0,1.0
0,0,1.0
0,0,1.0
0,0,1.0
0,0,1.0
0,0,1.0
0,0,1.0
0,0,1.0
0,0,1.0
0,0,1.0
0,0,1.0
0,0,1.0
0,0,1.0
0,0,1.0
0,0,1.0
0,0,1.0
0,0,1.0
0,0,1.0
0,0,0.999998
0,0,1.0
0,0,0.99999976
0,0,1.0
0,0,1.0
0,0,1.0
0,0,1.0
0,0,1.0
0,0,1.0
0,0,1.0
0,0,1.0
0,0,1.0
0,0,1.0
0,0,1.0
0,0,1.0
0,0,1.0
0,0,1.0
0,0,1.0
0,0,1.0
0,0,0.99999976
0,0,0.99999976
0,0,0.99999976
0,0,1.0
0,0,1.0
0,0,1.0
0,0,1.0
0,0,1.0
0,0,1.0
0,0,1.0
0,0,1.0
0,0,1.0
0,0,1.0
0,0,1.0
0,0,1.0
0,0,1.0
0,0,1.0
0,0,1.0
0,0,1.0
0,0,1.0
0,0,1.0
0,0,1.0
0,0,1.0
0,0,1.0
0,0,1.0
0,0,1.0
0,0,1.0
0,0,1.0
0,0,1.0
0,0,1.0
0,0,1.0
0,0,1.0
0,0,1.0
0,0,1.0
0,0,1.0
0,0,1.0
0,0,1.0
0,0,1.0
0,0,1.0
0,0,1.0
0,0,1.0
0,0,1.0
0,0,1.0
0,0,1.0
0,0,1.0
0,0,1.0
0,0,1.0
0,0,1.0
0,0,1.0
0,0,1.0
0,0,1.0
0,0,1.0
0,0,1.0
0,0,1.0
0,0,1.0
0,0,1.0
0,0,1.0
0,0,1.0
0,0,1.0
0,0,1.0
0,0,1.0
0,0,1.0
0,0,1.0
0,0,1.0
0,0,1.0
0,0,1.0
0,0,1.0
0,0,1.0
0,0,1.0
0,0,1.0
0,0,1.0
0,0,1.0
0,0,1.0
0,0,0.9992137
0,0,1.0
0,0,1.0
0,0,1.0
0,0,1.0
0,0,1.0
0,0,1.0
0,0,1.0
0,0,1.0
0,0,1.0
0,0,1.0
0,0,1.0
0,0,1.0
0,0,1.0
0,0,1.0
0,0,1.0
0,0,1.0
0,0,1.0
0,0,1.0
0,0,1.0
0,0,1.0
0,0,1.0
0,0,1.0
0,0,1.0
0,0,1.0
0,0,1.0
0,0,1.0
0,0,1.0
0,0,1.0
0,0,1.0
0,0,1.0
0,0,1.0
0,0,1.0
0,0,1.0
0,0,1.0
0,0,1.0
0,0,1.0
0,0,1.0
0,0,1.0
0,0,1.0
0,0,1.0
0,0,1.0
0,0,1.0
0,0,1.0
0,0,1.0
0,0,1.0
0,0,1.0
0,0,1.0
0,0,1.0
0,0,1.0
0,0,1.0
0,0,1.0
0,0,1.0
0,0,1.0
0,0,1.0
0,0,1.0
0,0,1.0
0,0,1.0
0,0,1.0
0,0,1.0
0,0,1.0
0,0,1.0
0,0,1.0
0,0,1.0
0,0,1.0
0,0,1.0
0,0,1.0
0,0,1.0
0,0,1.0
0,0,1.0
0,0,0.99958163
0,0,1.0
0,0,1.0
0,0,1.0
0,0,1.0
0,0,1.0
0,0,1.0
0,0,1.0
0,0,1.0
0,0,1.0
0,0,1.0
0,0,1.0
0,0,1.0
0,0,1.0
0,0,1.0
0,0,1.0
0,0,1.0
0,0,1.0
0,0,1.0
0,0,1.0
0,0,1.0
0,0,1.0
0,0,1.0
0,0,1.0
0,0,1.0
0,0,1.0
0,0,1.0
0,0,1.0
0,0,1.0
0,0,1.0
0,0,1.0
0,0,1.0
0,0,1.0
0,0,1.0
0,0,1.0
0,0,1.0
0,0,1.0
0,0,1.0
0,0,1.0
0,0,1.0
0,0,1.0
0,0,1.0
0,0,1.0
0,0,1.0
0,0,1.0
0,0,1.0
0,0,1.0
0,0,1.0
0,0,1.0
0,0,1.0
0,0,1.0
0,0,1.0
0,0,1.0
0,0,1.0
0,0,1.0
0,0,1.0
0,0,1.0
0,0,1.0
0,0,1.0
0,0,1.0
0,0,1.0
0,0,1.0
0,0,1.0
0,0,1.0
0,0,1.0
0,0,1.0
0,0,1.0
0,0,1.0
0,0,1.0
0,0,1.0
0,0,0.9999893
0,0,0.9999987
0,0,0.99998367
0,0,0.99999845
0,0,1.0
0,0,1.0
0,0,1.0
0,0,1.0
0,0,1.0
0,0,1.0
0,0,1.0
0,0,1.0
0,0,1.0
0,0,1.0
0,0,1.0
0,0,1.0
0,0,1.0
0,0,1.0
0,0,1.0
0,0,1.0
0,0,1.0
0,0,1.0
0,0,1.0
0,0,1.0
0,0,1.0
0,0,1.0
0,0,1.0
0,0,1.0
0,0,0.9999739
0,0,1.0
0,0,1.0
0,0,1.0
0,0,1.0
0,0,1.0
0,0,1.0
0,0,1.0
0,0,1.0
0,0,1.0
0,0,1.0
0,0,0.9999423
0,0,1.0
0,0,1.0
0,0,1.0
0,0,1.0
0,0,1.0
0,0,1.0
0,0,1.0
0,0,1.0
0,0,1.0
0,0,1.0
0,0,1.0
0,0,1.0
0,0,1.0
0,0,0.9999981
0,0,1.0
0,0,1.0
0,0,1.0
0,0,0.9996772
0,0,1.0
0,0,1.0
0,0,1.0
0,0,1.0
0,0,1.0
0,0,1.0
0,0,1.0
0,0,1.0
0,0,1.0
0,0,1.0
0,0,1.0
0,0,1.0
0,0,1.0
0,0,1.0
0,0,1.0
0,0,1.0
0,0,1.0
0,0,0.9999981
0,0,1.0
0,0,1.0
0,0,1.0
0,0,1.0
0,0,0.9996159
0,0,1.0
0,0,1.0
0,0,1.0
0,0,1.0
0,0,1.0
0,0,1.0
0,0,1.0
0,0,1.0
0,0,1.0
0,0,1.0
0,0,1.0
0,0,1.0
0,0,1.0
0,0,1.0
0,0,1.0
0,0,1.0
0,0,1.0
0,0,1.0
0,0,1.0
0,0,1.0
0,0,1.0
0,0,1.0
0,0,1.0
0,0,1.0
0,0,1.0
0,0,1.0
0,0,1.0
0,0,1.0
0,0,1.0
0,0,1.0
0,0,1.0
0,0,1.0
0,0,1.0
0,0,1.0
0,0,1.0
0,0,1.0
0,0,1.0
0,0,1.0
0,0,1.0
0,0,1.0
0,0,1.0
0,0,1.0
0,0,1.0
0,0,1.0
0,0,1.0
0,0,1.0
0,0,1.0
0,0,1.0
0,0,1.0
0,0,1.0
0,0,1.0
0,0,0.9999999
0,0,1.0
0,0,1.0
0,0,1.0
0,0,1.0
0,0,1.0
0,0,1.0
0,0,1.0
0,0,0.9996159
0,0,1.0
0,0,1.0
0,0,0.9999988
0,0,1.0
0,0,1.0
0,0,1.0
0,0,0.9999999
0,0,1.0
0,0,1.0
0,0,0.9999981
0,0,1.0
0,0,1.0
0,0,1.0
0,0,1.0
0,0,0.9992507
0,0,1.0
0,0,1.0
0,0,1.0
0,0,1.0
0,0,1.0
0,0,1.0
0,0,1.0
0,0,0.9994438
0,0,0.99932456
0,0,1.0
0,0,1.0
0,0,1.0
0,0,1.0
0,0,1.0
0,0,1.0
0,0,0.9999739
0,0,0.9999639
0,0,0.9999989
0,1,0.99979085
0,0,0.99999857
0,0,1.0
0,0,1.0
0,0,0.99999917
0,0,0.7239312
0,0,1.0
0,0,1.0
0,1,0.7038713
0,0,1.0
0,0,1.0
0,0,1.0
0,0,1.0
0,0,1.0
0,0,1.0
0,0,0.9999994
0,0,1.0
0,0,1.0
0,0,1.0
0,0,1.0
0,0,1.0
0,0,0.99939907
0,0,1.0
0,0,1.0
0,0,1.0
0,0,1.0
0,0,1.0
0,0,1.0
1,1,1.0
1,1,1.0
1,1,1.0
1,1,1.0
1,1,1.0
1,1,1.0
1,1,1.0
1,1,1.0
1,1,1.0
1,1,1.0
1,1,1.0
1,1,1.0
0,0,1.0
0,0,1.0
0,0,1.0
0,0,0.9989249
0,0,1.0
0,0,1.0
0,0,1.0
0,0,1.0
0,0,1.0
0,0,1.0
0,0,1.0
0,0,1.0
0,0,1.0
0,0,1.0
0,0,1.0
0,0,1.0
0,0,1.0
0,0,1.0
0,0,1.0
0,0,1.0
0,0,1.0
0,0,1.0
0,0,1.0
1,1,1.0
1,1,1.0
1,1,1.0
1,1,1.0
1,1,1.0
1,1,1.0
1,1,1.0
1,1,1.0
1,1,1.0
1,1,1.0
1,1,1.0
1,1,1.0
1,1,1.0
1,1,1.0
1,1,1.0
1,1,1.0
1,1,1.0
1,1,1.0
1,1,1.0
1,1,1.0
1,1,1.0
1,1,1.0
1,1,1.0
1,1,1.0
1,1,1.0
1,1,1.0
1,1,1.0
1,1,1.0
1,1,1.0
1,1,1.0
1,1,1.0
1,1,1.0
1,1,1.0
1,1,1.0
1,1,1.0
1,1,1.0
1,1,1.0
1,1,1.0
1,1,1.0
1,1,1.0
1,1,1.0
1,1,1.0
1,1,1.0
1,1,1.0
1,1,1.0
1,1,1.0
1,1,1.0
1,1,1.0
1,1,1.0
1,1,1.0
1,1,0.99999595
1,1,1.0
1,1,1.0
1,1,1.0
1,1,1.0
1,1,1.0
1,1,1.0
1,1,1.0
1,1,1.0
1,1,1.0
1,1,1.0
1,1,1.0
1,1,1.0
1,1,1.0
1,1,1.0
1,1,1.0
1,1,1.0
1,1,1.0
1,1,1.0
1,1,1.0
1,1,1.0
1,1,1.0
1,1,1.0
1,1,1.0
1,1,1.0
1,1,1.0
1,1,1.0
1,1,1.0
1,1,1.0
1,1,1.0
1,1,1.0
1,1,1.0
1,1,1.0
1,1,1.0
1,1,1.0
1,1,1.0
1,1,1.0
1,1,1.0
1,1,1.0
1,1,1.0
1,1,1.0
0,0,1.0
0,0,1.0
0,0,1.0
0,0,1.0
0,0,1.0
0,0,1.0
0,0,1.0
0,0,1.0
0,0,1.0
0,0,1.0
0,0,1.0
0,0,1.0
0,0,1.0
0,0,0.99999905
0,0,1.0
0,0,1.0
0,0,1.0
0,0,1.0
0,0,1.0
0,0,1.0
0,0,1.0
0,0,1.0
0,0,1.0
0,0,1.0
0,0,1.0
0,0,1.0
0,0,1.0
0,0,1.0
0,0,1.0
0,0,1.0
0,0,1.0
0,0,1.0
0,0,1.0
0,0,1.0
0,0,1.0
0,0,1.0
0,0,1.0
0,0,1.0
0,0,1.0
0,0,1.0
0,0,1.0
0,0,1.0
0,0,1.0
0,0,1.0
0,0,1.0
0,0,1.0
0,0,1.0
0,0,1.0
0,0,1.0
0,0,1.0
0,0,1.0
0,0,1.0
0,0,1.0
0,0,1.0
0,0,1.0
0,0,1.0
0,0,1.0
0,0,1.0
0,0,1.0
0,0,1.0
0,0,1.0
0,0,1.0
0,0,1.0
0,0,1.0
0,0,1.0
0,0,1.0
0,0,1.0
0,0,1.0
0,0,1.0
0,0,1.0
0,0,1.0
0,0,1.0
0,0,1.0
0,0,1.0
0,0,1.0
0,0,1.0
0,0,1.0
0,0,1.0
0,0,1.0
0,0,1.0
0,0,1.0
0,0,1.0
0,0,1.0
0,0,1.0
0,0,1.0
0,0,1.0
0,0,1.0
0,0,1.0
0,0,1.0
0,0,1.0
0,0,1.0
0,0,1.0
0,0,1.0
0,0,1.0
0,0,1.0
0,0,1.0
0,0,1.0
0,0,1.0
0,0,1.0
0,0,1.0
0,0,1.0
0,0,1.0
0,0,1.0
0,0,1.0
0,0,1.0
0,0,1.0
0,0,1.0
0,0,1.0
0,0,1.0
0,0,1.0
0,0,1.0
0,0,1.0
0,0,1.0
0,0,1.0
0,0,1.0
0,0,1.0
0,0,1.0
0,0,1.0
0,0,1.0
0,0,1.0
0,0,1.0
0,0,1.0
0,0,1.0
0,0,1.0
0,0,1.0
0,0,1.0
0,0,1.0
0,0,1.0
0,0,1.0
0,0,1.0
0,0,1.0
0,0,1.0
0,0,1.0
0,0,1.0
0,0,1.0
0,0,1.0
0,0,1.0
0,0,1.0
0,0,1.0
0,0,1.0
0,0,1.0
0,0,1.0
0,0,1.0
0,0,1.0
0,0,1.0
0,0,1.0
0,0,1.0
1,1,0.99976236
0,0,1.0
0,0,1.0
0,0,1.0
0,0,1.0
0,0,1.0
0,0,1.0
0,0,1.0
0,0,1.0
0,0,1.0
